ID,Ministry,Department,Agency,Lat,Long,Address
1.11E+11,Ministry of Defence,Naval Medical Department,Royal Thai Army Phramongkutklao Hospital,13.76733,100.5342,"Thung Phaya Thai Subdistrict, Ratchathewi District, Bangkok 10400"
1.11E+11,Ministry of Justice,Department of Corrections,Department of Corrections Correctional Institutes Correctional Hospital,13.85018,100.5531,"Ladyao Subdistrict, Chatuchak District, Bangkok 10900"
1.11E+11,Royal Thai Police,Police Hospial,Police Hospital,13.74414,100.5391,"Pathumwan, Pathumwan, Bangkok 10330"
1.13E+11,Ministry of Defence,Naval Medical Department,Royal Thai Army Ananda Mahidol Hospital,14.84966,100.667,"Khao Sam Yot Subdistrict, Mueang Lopburi District, Lopburi 15000"
1.13E+11,Ministry of Public Health,Department of Mental Health,"Department of Mental Health, Srithanya Hospital",13.84513,100.5171,"Talat Khwan Subdistrict, Mueang Nonthaburi District, Nonthaburi 11000"
1.14E+11,Ministry of Public Health,Department of Medical Services,"Department of Medical Services, Sangha Hospital",13.76185,100.5264,"Thung Phaya Thai Subdistrict, Ratchathewi District, Bangkok 10400"
1.14E+11,Ministry of Public Health,Department of Medical Services,"Department of Medical Services, Lerdsin Hospital",13.7222,100.5175,"Silom Road, Silom Subdistrict, Bangrak District, Bangkok 10500"
1.14E+11,Ministry of Public Health,Department of Medical Services,"Department of Medical Services, Nopparat Rajathanee Hospital",13.81657,100.6875,"Khanna Yao Sub-district, Khannayao District, Bangkok 10230"
1.14E+11,Ministry of Public Health,Department of Medical Services,"Department of Medical Services, Rajavithi Hospital",13.7643,100.5368,"Ratchawithi 13, Thung Phaya Thai Subdistrict, Ratchathewi District, Bangkok 10400"
1.14E+11,Ministry of Public Health,Department of Medical Services,Department of Medical Services Metta Pracharak Hospital (Wat Rai Khing),13.73943,100.2558,"Tha Talat Subdistrict, Sam Phran District, Nakhon Pathom Province 73110"
1.14E+11,Ministry of Public Health,Department of Medical Services,"Department of Medicine, Neurological Hospital, Chiang Mai Province",18.78978,98.96952,"Number 2, Suthep Road, Suthep Subdistrict, Mueang Chiang Mai District, Chiang Mai Province 50200"
1.14E+11,Ministry of Public Health,Department of Mental Health,"Department of Mental Health, Suan Prung Hospital",18.78074,98.97915,"Hai Ya Subdistrict, Mueang Chiang Mai District Chiang Mai 50100"
1.14E+11,Ministry of Public Health,Department of Mental Health,"Department of Mental Health, Yuwaprasat Vitayo Hospital",13.61444,100.5939,"61 Soi Thetsaban 19, Pak Nam Subdistrict, Mueang Samut Prakan District Samut Prakan 10270"
1.14E+11,Ministry of Public Health,Department of Mental Health,Department of Mental Health Loei Rajanagarindra Psychiatric Hospital,17.45914,101.7098,"Na An Subdistrict, Mueang Loei District, Loei Province 42000"
1.14E+11,Ministry of Public Health,Department of Mental Health,"Department of Mental Health, Sakaeo Ratchanakarin Psychiatric Hospital",13.83637,102.3738,"National Highway 3395, Nong Nam Sai Subdistrict, Watthana Nakhon District, Sa Kaeo Province 27160"
1.14E+11,Ministry of Public Health,Department of Mental Health,"Department of Mental Health, Nakhon Phanom Rajanagarindra Psychiatric Hospital",17.48536,104.7197,"At Samarot Subdistrict, Mueang Nakhon Phanom District, Nakhon Phanom Province 48000"
1.14E+11,Ministry of Public Health,Department of Mental Health,"Department of Mental Health, Nakhon Ratchasima Rajanagarindra Psychiatric Hospital",14.98408,102.1047,"Chang Phueak Road, Nai Mueang Subdistrict, Mueang Nakhon Ratchasima District, Nakhon Ratchasima Province 30000"
1.14E+11,Ministry of Public Health,Department of Mental Health,"Department of Mental Health, Nakhon Sawan Ratchanakarin Psychiatric Hospital",15.42354,100.1456,"Tha Nam Oi Subdistrict, Phayuha Khiri District, Nakhon Sawan Province 60130"
1.14E+11,Ministry of Public Health,Department of Mental Health,"Department of Mental Health, Khon Kaen Rajanagarindra Psychiatric Hospital",16.42467,102.8487,"169 Soi Kalaya, Chataphadung Road, Nai Mueang Subdistrict, Mueang Khon Kaen District, Khon Kaen Province 40000"
1.14E+11,Ministry of Public Health,Department of Mental Health,"Department of Mental Health, Songkhla Rajanagarindra Psychiatric Hospital",7.178654,100.6138,"472 Sai Buri Road, Bo Yang Subdistrict, Mueang Songkhla District, Songkhla Province 90000"
1.14E+11,Ministry of Public Health,Department of Mental Health,"Department of Mental Health, Suan Saranrom Hospital",9.108736,99.23995,"Tha Kham Phunphin, Suratthani 84130"
1.14E+11,Ministry of Public Health,Department of Mental Health,"Department of Mental Health, Phrasrimahapho Hospital",15.25027,104.8406,"212 Jangsanit Road, Nai Mueang Subdistrict, Mueang Ubon Ratchathani District Ubon Ratchathani 34000"
3.31E+11,Ministry of Public Health,Banphaeo Hospital (Public Organization),Banphaeo Hospital,13.59055,100.105,"198 Moo 1, Ban Phaeo-Phra Prathone Road, Ban Phaeo Subdistrict, Ban Phaeo District, Samut Sakhon Province 74120"
8.90E+12,Bangkok Metropolitan Administrator,Public Health Department,Public Health Service Center 20 Siam City Public Company Limited,13.74899,100.5136,Wat Debsirin Sub-district Pom Prap Sattru Phai District Bangkok 10100
8.90E+12,Bangkok Metropolitan Administrator,Public Health Department,Health Service Center 24 Bangkhen,13.84957,100.5812,"Phahonyothin Road, Ladyao Subdistrict, Chatuchak District, Bangkok 10900"
8.90E+12,Bangkok Metropolitan Administrator,Public Health Department,Health Service Center 28 Krung Thonburi,13.72047,100.5006,"Krung Thonburi Road Bang Lamphu Lang Subdistrict, Khlong San District, Bangkok 10600"
8.90E+12,Bangkok Metropolitan Administrator,Public Health Department,Health Service Center 29 Nuttanet,13.7051,100.4684,"Wutthakat 49, Bang Kho Subdistrict, Chom Thong District, Bangkok 10150"
8.90E+12,Bangkok Metropolitan Administrator,Public Health Department,Public Health Center 30 Wat Chao Am,13.77586,100.4663,Bangkhunnon 164/79 Bangkhunnon Subdistrict Bangkoknoi District Bangkok 10700
8.90E+12,Bangkok Metropolitan Administrator,Public Health Department,32 Maritintamik Health Service Center,13.6846,100.6057,"No. 91 Soi Sukhumvit 64/1 (Soi Wattana Sombat), South Phra Khanong Subdistrict, Phra Khanong District, Bangkok 10260"
8.90E+12,Bangkok Metropolitan Administrator,Public Health Department,38-Geed Health Service Center - Thong Bamphen,13.79861,100.5197,"23 Kiakkai Government Center Thawadee Road, Nakhon Chai Si Road, Dusit District, Bangkok 10300"
8.90E+12,Bangkok Metropolitan Administrator,Public Health Department,Health Service Center 39 Rat Burana,13.68093,100.5068,Rat Burana Road Rat Burana Rat Burana District Bangkok 10140
8.90E+12,Bangkok Metropolitan Administrator,Public Health Department,Health Service Center 40 Bang Khae,13.71051,100.4005,"Bang Khae Nuea Subdistrict, Bang Khae District, Bangkok 10160"
8.90E+12,Bangkok Metropolitan Administrator,Public Health Department,Public Health Service Center 45 Rom Klao,13.76027,100.7284,"361 Romklao Housing 33, Klong Songton Nun Sub-District, Lat Krabang District, Bangkok 10520"
8.90E+12,Bangkok Metropolitan Administrator,Public Health Department,Health Service Center 46 Kantarati Uthit,13.7233,100.722,"Ladkrabang, Ladkrabang, Bangkok 10520"
8.90E+12,Bangkok Metropolitan Administrator,Public Health Department,Health Service Center 47 Khlong Khwang,13.74329,100.4239,"28 Soi Bang Waek 92, Klong Kwang Subdistrict, Phasi Charoen District, Bangkok 10160"
8.90E+12,Bangkok Metropolitan Administrator,Public Health Department,Public Health Service Center 49 Chaiyaprukmala Temple,13.79493,100.4683,"271 Chaiyapruek Rd., Taling Chan Subdistrict, Taling Chan District, Bangkok 10170"
8.90E+12,Bangkok Metropolitan Administrator,Public Health Department,Public Health Service Center 58 Lom-Pimsenfakudom,13.67911,100.4958,"Suksawat 30, Bangpakok Subdistrict, Ratburana District Bangkok 10140"
8.90E+12,Bangkok Metropolitan Administrator,Public Health Department,Health Service Center 6 Women's Cultural Club,13.75926,100.5168,"Soi Phitsanulok 1, Mahanak Intersection Subdistrict, Dusit District, Bangkok 10300"
8.90E+12,Bangkok Metropolitan Administrator,Public Health Department,Health Service Center 65 Treatment Suk Bang Bon,13.64279,100.3785,"Ekachai 121, Bang Bon Subdistrict, Bang Bon District, Bangkok 10150"
8.90E+12,Ministry of Public Health,"Office of the Permanent Secretary, Ministry of Public Health",Prasuk Health Promoting Hospital Singburi Province,15.04157,100.3188,"Moo 3, Prasuk Subdistrict, Inburi District, Singburi Province 16110"
8.90E+12,Ministry of Public Health,"Office of the Permanent Secretary, Ministry of Public Health",OTOM Health Promoting Hospital Ang Thong Province,14.5742,100.2371,"Moo 6, Tambon Subdistrict, Samko District, Ang Thong Province 14160"
8.90E+12,Ministry of Public Health,"Office of the Permanent Secretary, Ministry of Public Health",Mae Ai Hospital Chiang Mai Province,20.03843,99.3026,"191 Moo 8, Fang-Thaton Road, Moo 8, Mae Ai Sub-district, Mae Ai District, Chiang Mai Province 50280"
8.90E+12,Ministry of Public Health,"Office of the Permanent Secretary, Ministry of Public Health",Ang Thong Hospital Ang Thong Province,14.58469,100.4519,"3 Thetsaban Road, Bang Kaeo Subdistrict, Mueang Ang Thong District, Ang Thong Province 14000"
8.90E+12,Ministry of Public Health,"Office of the Permanent Secretary, Ministry of Public Health",Phahon Phol Payuhasena Hospital Kanchanaburi,14.00504,99.5467,"572/1 Moo 3, Pakprak Subdistrict, Mueang Kanchanaburi District, Kanchanaburi 71000"
8.90E+12,Ministry of Public Health,"Office of the Permanent Secretary, Ministry of Public Health",Sawang Arom Hospital Uthai Thani Province,15.57789,99.86275,"80 Moo 1 T. Sawang Arom Sawang Arom District, Uthai Thani Province 61150"
8.90E+12,Ministry of Public Health,"Office of the Permanent Secretary, Ministry of Public Health",Aran Kamwaree Health Promoting Hospital Suratthani Province,8.77063,99.20458,"Moo 1, Aran Kamwaree Subdistrict, Khien Sa District, Surat Thani Province 84260"
8.90E+12,Ministry of Public Health,"Office of the Permanent Secretary, Ministry of Public Health",Uthai Hospital Phra Nakhon Si Ayutthaya Province,14.36111,100.6461,"15 Moo 5 Moo 5, Uthai Subdistrict, Uthai District, Phra Nakhon Si Ayutthaya Province 13210"
8.90E+12,Ministry of Public Health,"Office of the Permanent Secretary, Ministry of Public Health",Phra Nakhon Si Ayutthaya Hospital Phra Nakhon Si Ayutthaya Province,14.34305,100.5605,"46/1 Moo 4, Pratuchai Subdistrict, Phra Nakhon Si Ayutthaya District Phra Nakhon Si Ayutthaya 13000"
8.90E+12,Ministry of Public Health,"Office of the Permanent Secretary, Ministry of Public Health",Bacho Hospital Narathiwat Province,6.503671,101.6605,"Petchkasem Road, Moo 1, Bacho Sub-district, Bacho District, Narathiwat 96170"
8.90E+12,Ministry of Public Health,"Office of the Permanent Secretary, Ministry of Public Health",Krathum Baen Hospital Samut Sakhon Province,13.65474,100.2549,"450/4 Talad Krathum Baen Subdistrict, Krathum Baen District, Samutsakorn 74110"
8.90E+12,Ministry of Public Health,"Office of the Permanent Secretary, Ministry of Public Health",Tak Bai Hospital Narathiwat Province,6.250262,102.0467,"114/63 Moo 4, Tha Phraek Road, Moo 4, Je He Subdistrict, Tak Bai District, Narathiwat 96110"
8.90E+12,Ministry of Public Health,"Office of the Permanent Secretary, Ministry of Public Health","Ban Chang Hospital, Rayong Province",12.72595,101.0433,"77 Moo 1, Angkinan Road, Moo 1, Phla Subdistrict, Ban Chang District, Rayong Province 21130"
8.90E+12,Ministry of Public Health,"Office of the Permanent Secretary, Ministry of Public Health","Ban Dong Noi Sub-District Health Promoting Hospital, Phiman District, Nakhon Phanom Province",16.89511,104.5458,"Moo 6, Phiman Subdistrict, Na Kae District, Nakhon Phanom Province 48130"
8.90E+12,Ministry of Public Health,"Office of the Permanent Secretary, Ministry of Public Health","Baan Khai Hospital, Rayong Province",12.77767,101.2933,"144 Moo 4, Nong Lalok Subdistrict, Ban Khai District, Rayong Province 21120"
8.90E+12,Ministry of Public Health,"Office of the Permanent Secretary, Ministry of Public Health","Ban Khlong Bang Phai Sub-District Health Promoting Hospital, Rayong Province",12.70506,100.9964,"Moo 4, Samnakhorn Subdistrict, Ban Chang District, Rayong Province 21130"
8.90E+12,Ministry of Public Health,"Office of the Permanent Secretary, Ministry of Public Health",Ban Samrong Khok Phet Health Promoting Hospital Surin Province,14.94101,103.4494,"Moo 3, Tha Sawang Subdistrict, Mueang Surin District, Surin Province 32000"
8.90E+12,Ministry of Public Health,"Office of the Permanent Secretary, Ministry of Public Health","Ban Khu Bua Sub-District Health Promoting Hospital, Khu Bua District, Ratchaburi Province",13.48308,99.82405,"Moo 8, Khu Bua Sub-District, Mueang Ratchaburi District, Ratchaburi Province 70000"
8.90E+12,Ministry of Public Health,"Office of the Permanent Secretary, Ministry of Public Health",Ban Laem Hospital Phetchaburi,13.20547,99.97933,"238 Moo 3, Ban Laem Subdistrict, Ban Laem District, Phetchaburi Province 76110"
8.90E+12,Ministry of Public Health,"Office of the Permanent Secretary, Ministry of Public Health","Ban Luang Hospital, Nan Province",18.85205,100.4359,"No. 102 Moo 5, Pa Kha Luang Subdistrict, Ban Luang District, Nan Province 55190"
8.90E+12,Ministry of Public Health,"Office of the Permanent Secretary, Ministry of Public Health",Ban Saraphi Health Promoting Hospital Ubon Ratchathani Province,15.77793,105.251,"Moo 1, Saraphi Subdistrict, Pho Sai District, Ubon Ratchathani Province 34340"
8.90E+12,Ministry of Public Health,"Office of the Permanent Secretary, Ministry of Public Health",Ban Mi Hospital Lopburi Province,15.04446,100.5426,"139 Community Health Development Ban Mi Town Municipality, Pracha Uthit Road, Village No. 2, Ban Mi Subdistrict, Ban Mi District, Lopburi 15110"
8.90E+12,Ministry of Public Health,"Office of the Permanent Secretary, Ministry of Public Health",Ban Muang Hospital Sakon Nakhon Province,17.84745,103.5738,"299 Moo 2, Muang Subdistrict, Ban Muang District, Sakon Nakhon Province 47140"
8.90E+12,Ministry of Public Health,"Office of the Permanent Secretary, Ministry of Public Health","Ban Muang Subdistrict Health Promoting Hospital, Champamon Subdistrict, Udon Thani Province",17.58363,102.3747,"Moo 11, Champamon Subdistrict, Ban Phue District, Udon Thani Province 41160"
8.90E+12,Ministry of Public Health,"Office of the Permanent Secretary, Ministry of Public Health",Ban Muang Health Promoting Hospital Nong Khai Province,18.17426,102.1699,"Moo 2, Ban Muang Subdistrict, Sangkhom District, Nong Khai Province 43160"
8.90E+12,Ministry of Public Health,"Office of the Permanent Secretary, Ministry of Public Health",Ban Muang Health Promoting Hospital Ratchaburi,13.76761,99.84385,"Moo 5, Ban Muang Subdistrict, Ban Pong District, Ratchaburi Province 70110"
8.90E+12,Ministry of Public Health,"Office of the Permanent Secretary, Ministry of Public Health",Ban Muang Health Promoting Hospital Wen Phrabat Subdistrict Nakhon Phanom Province,17.48332,104.668,"Moo 7, Wen Phrabat Sub-district, Tha Uthen District, Nakhon Phanom Province 48120"
8.90E+12,Ministry of Public Health,"Office of the Permanent Secretary, Ministry of Public Health","Ban Non Kho Health Promoting Hospital, Nong Pet, Yasothon Province",15.8639,104.3182,"Moo 3, Nong Pet Subdistrict, Mueang Yasothon District, Yasothon Province 35000"
8.90E+12,Ministry of Public Health,"Office of the Permanent Secretary, Ministry of Public Health","Ban Nong Bua Subdistrict Health Promoting Hospital, Khuang Kham Subdistrict, Yasothon Province",15.71968,104.1901,"Moo 4, Khuangkham Subdistrict, Mueang Yasothon District, Yasothon Province 35000"
8.90E+12,Ministry of Public Health,"Office of the Permanent Secretary, Ministry of Public Health",Ban Nong Chum Saeng Health Promoting Hospital Kalasin Province,16.70717,103.2469,"Moo 13, Nong Yai Subdistrict, Nong Kung Si District, Kalasin Province 46220"
8.90E+12,Ministry of Public Health,"Office of the Permanent Secretary, Ministry of Public Health",Ban Nong Waeng Yai Health Promoting Hospital Kalasin Province,16.57658,103.619,"Moo 3, Phu Po Subdistrict, Mueang Kalasin District, Kalasin Province 46000"
8.90E+12,Ministry of Public Health,"Office of the Permanent Secretary, Ministry of Public Health","Ban Pa Daeng Health Promoting Hospital, Phrae Province",18.09729,100.2026,"Moo 2, Pa Daeng Sub-district, Mueang Phrae District, Phrae Province 54000"
8.90E+12,Ministry of Public Health,"Office of the Permanent Secretary, Ministry of Public Health",Ban Phai Rob Nuea Health Promoting Hospital Phichit Province,16.3685,100.2061,"Moo 8, Phai Rob Subdistrict, Pho Prathap Chang District, Phichit Province 66190"
8.90E+12,Ministry of Public Health,"Office of the Permanent Secretary, Ministry of Public Health",Ban Pho Hospital Chachoengsao Province,13.60148,101.0871,"107/1 Moo 1, Ban Pho-Don Si Non Road, Village No. 1, Ban Pho Sub-district, Ban Pho District, Chachoengsao Province 24140"
8.90E+12,Ministry of Public Health,"Office of the Permanent Secretary, Ministry of Public Health",Ban Phue Hospital Udon Thani Province,17.6946,102.4621,"Moo 2, Ban Phue Subdistrict, Ban Phue District, Udon Thani Province 41160"
8.90E+12,Ministry of Public Health,"Office of the Permanent Secretary, Ministry of Public Health","Ban Phru Health Promoting Hospital, Songkhla Province",6.900726,100.4616,"Moo 8, Ban Pru Subdistrict, Hat Yai District, Songkhla Province 90110"
8.90E+12,Ministry of Public Health,"Office of the Permanent Secretary, Ministry of Public Health",Ban Sing Health Promoting Hospital Ratchaburi,13.65879,99.8735,"Moo 6, Ban Sing Subdistrict, Photharam District, Ratchaburi Province 70120"
8.90E+12,Ministry of Public Health,"Office of the Permanent Secretary, Ministry of Public Health",Ban Ta Khun Hospital Suratthani Province,8.914798,98.89011,"74 Moo 3, Khao Wong Subdistrict, Ban Ta Khun District, Surat Thani Province 84230"
8.90E+12,Ministry of Public Health,"Office of the Permanent Secretary, Ministry of Public Health",Ban Tha Mai Health Promoting Hospital Chainat Province,15.1835,100.1197,"Moo 5, Tha Chai Subdistrict, Mueang Chai Nat District, Chainat Province 17000"
8.90E+12,Ministry of Public Health,"Office of the Permanent Secretary, Ministry of Public Health","Ban Thi Hospital, Lamphun Province",18.65495,99.12747,"265 Moo 6, Ban Thi-San Phra Chao Daeng Road, Moo 6, Ban Thi Sub-district, Ban Thi District, Lamphun Province 51180"
8.90E+12,Ministry of Public Health,"Office of the Permanent Secretary, Ministry of Public Health",Bang Bua Thong Hospital Nonthaburi Province,13.91803,100.4232,"Bang Kruai Sai Noi, Moo 3, Sano Loi Sub-district, Bang Bua Thong District, Nonthaburi 11110"
8.90E+12,Ministry of Public Health,"Office of the Permanent Secretary, Ministry of Public Health","Bang Bua Thong 2 Hospital, Nonthaburi Province",13.93322,100.3522,"Leab Klong Ta Chom Road, Moo 8, Phimon Rat Subdistrict, Bang Bua Thong District, Nonthaburi Province 11110"
8.90E+12,Ministry of Public Health,"Office of the Permanent Secretary, Ministry of Public Health",Bang Mun Nak Hospital Phichit Province,16.04006,100.3511,"Moo 9, Bang Mun Nak Subdistrict, Bang Mun Nak District, Phichit Province 66120"
8.90E+12,Ministry of Public Health,"Office of the Permanent Secretary, Ministry of Public Health",Bangsai Hospital Phra Nakhon Si Ayutthaya Province,14.31733,100.2975,"58 Moo 1, Moo 1, Bang Sai Subdistrict, Bang Sai District, Phra Nakhon Si Ayutthaya Province 13270"
8.90E+12,Ministry of Public Health,"Office of the Permanent Secretary, Ministry of Public Health",Bangsaphan Hospital Prachuap Khiri Khan Province,11.22062,99.5001,"93 Moo 5, Khern Noppakhun Subdistrict, Bang Saphan District, Prachuap Khiri Khan Province 77140"
8.90E+12,Ministry of Public Health,"Office of the Permanent Secretary, Ministry of Public Health",Suvarnabhumi Hospital Roi Et Province,15.60815,103.8025,"National Highway 202, Sakhu Subdistrict, Suvarnabhumi District, Roi Et Province 45130"
8.90E+12,Ministry of Public Health,"Office of the Permanent Secretary, Ministry of Public Health",Samutprakarn Hospital Samut Prakan Province,13.58364,100.5974,"71 Chakkaphat Road, Pak Nam Subdistrict, Mueang Samut Prakan District Samut Prakan 10270"
8.90E+12,Ministry of Public Health,"Office of the Permanent Secretary, Ministry of Public Health",Samut Sakhon Hospital Samut Sakhon Province,13.5516,100.2792,"1500 Ekachai Road, Mahachai Subdistrict, Mueang Samut Sakhon District, Samutsakorn 74000"
8.90E+12,Ministry of Public Health,"Office of the Permanent Secretary, Ministry of Public Health",Banglamung Hospital Chonburi Province,12.96664,100.9062,"No. 6 Moo 5, Naklua Subdistrict, Bang Lamung District, Chonburi Province 20150"
8.90E+12,Ministry of Public Health,"Office of the Permanent Secretary, Ministry of Public Health","Siber Health Promoting Hospital, Mae Awu Subdistrict, Chiang Mai Province",17.44741,98.35813,"Moo 7, Mae Tuen Subdistrict, Omkoi District, Chiang Mai Province 50310"
8.90E+12,Ministry of Public Health,"Office of the Permanent Secretary, Ministry of Public Health","Ao Tong Sub-District Health Promoting Hospital, Trang Province",7.855589,99.38536,"Moo 1, Ao Tong Subdistrict, Wang Wiset District, Trang Province 92220"
8.90E+12,Ministry of Public Health,"Office of the Permanent Secretary, Ministry of Public Health",Pak Nam Health Promoting Hospital Sukhothai,17.22271,99.90066,"Sawankhalok-Paknam Road, Moo 5, Pak Nam Subdistrict, Sawankhalok District, Sukhothai 64110"
8.90E+12,Ministry of Public Health,"Office of the Permanent Secretary, Ministry of Public Health",Pak Nam Health Promoting Hospital Suphanburi,14.93604,100.0832,"Moo 1, Pak Nam Sub-district, Doem Bang Nang Buat District, Suphanburi Province 72120"
8.90E+12,Ministry of Public Health,"Office of the Permanent Secretary, Ministry of Public Health",Huai Mee Health Promoting Hospital Mae Hong Son Province,19.19163,98.26933,"Moo 7, Mueang Paeng Subdistrict, Pai District, Mae Hong Son Province 58000"
8.90E+12,Ministry of Public Health,"Office of the Permanent Secretary, Ministry of Public Health","Muang Ngam Sub-District Health Promoting Hospital, Songkhla Province",7.345106,100.4932,"Moo 3, Muang Ngam Subdistrict, Singhanakhon District, Songkhla Province 90280"
8.90E+12,Ministry of Public Health,"Office of the Permanent Secretary, Ministry of Public Health",Huay Phueng Hospital Kalasin Province,16.65599,103.9117,"177 Moo 8, Nikhom Huai Phueng Subdistrict, Huai Phueng District, Kalasin Province 46240"
8.90E+12,Ministry of Public Health,"Office of the Permanent Secretary, Ministry of Public Health",Bo Kru Health Promoting Hospital Suphanburi,14.87718,99.88539,"Moo 1, Bo Kru Sub-district, Doem Bang Nang Buat District, Suphanburi Province 72120"
8.90E+12,Ministry of Public Health,"Office of the Permanent Secretary, Ministry of Public Health",Bo Phak Health Promoting Hospital Phitsanulok Province,17.53692,100.8342,"Moo 4, Bo Phak Subdistrict, Chat Trakan District, Phitsanulok Province 65170"
8.90E+12,Ministry of Public Health,"Office of the Permanent Secretary, Ministry of Public Health","Bo Tru Sub-District Health Promoting Hospital, Songkhla Province",7.649165,100.3974,"Moo 2, Bor Tru Subdistrict, Ranot District, Songkhla Province 90140"
8.90E+12,Ministry of Public Health,"Office of the Permanent Secretary, Ministry of Public Health","Ban Hai Subdistrict Health Promoting Hospital, Rai Subdistrict, Sakon Nakhon Province",17.30371,103.8784,"Moo 2, Rai Subdistrict, Phanna Nikhom District, Sakon Nakhon Province 47130"
8.90E+12,Ministry of Public Health,"Office of the Permanent Secretary, Ministry of Public Health",Huayarat Hospital Buriram Province,14.97337,103.1927,"5 Moo 8, Huai Racha Subdistrict, Huai Rat District, Buriram Province 31000"